subject,session,window_start_sec,window_end_sec,t_sec,ear,pitch,yaw,p_v,p_p,kss,y_binary
A,A,0.0,60.0,30.0,0.29207992566219837,-4.821686678325807,13.471618631390063,0.67,0.27,4.0,0
A,A,30.0,90.0,60.0,0.28809837167382907,-1.6328623563087732,29.335799083265396,0.57,0.43333333333333335,4.0,0
A,A,60.0,120.0,90.0,0.27936348477408574,-4.29237321634243,43.624003258817034,0.76,0.21,4.0,0
A,A,90.0,150.0,120.0,0.2872345223151467,-7.323184616680552,32.593471933384656,0.49,0.45666666666666667,4.0,0
A,A,120.0,180.0,150.0,0.30035045838333746,-7.645840043342461,36.8964798677517,0.37,0.36666666666666664,4.0,0
A,A,150.0,210.0,180.0,0.29571025220911856,-4.674833293271445,49.71120658634876,0.6,0.53,5.0,0
A,A,180.0,240.0,210.0,0.284956200673786,-3.9362463606739277,48.67936046657298,0.46,0.14,5.0,0
A,A,210.0,270.0,240.0,0.27478322028889607,-3.8191221286439445,49.59024052964449,0.51,0.13333333333333333,5.0,0
A,A,240.0,300.0,270.0,0.2710651130723646,-2.1634521533622975,41.20100026742226,0.54,0.32,5.0,0
A,A,270.0,330.0,300.0,0.2698910797306483,0.3081502450165355,21.43316117825615,0.45,0.5033333333333333,5.0,0
A,A,300.0,360.0,330.0,0.27268362671501245,-1.064443878521171,33.75957785125427,0.45,0.45,5.0,0
A,A,330.0,390.0,360.0,0.2853453278491566,-5.089612285537784,58.65063062916197,0.24,0.33666666666666667,5.0,0
A,A,360.0,420.0,390.0,0.2815004173980149,-6.151136482984901,51.45337189215996,0.47,0.30333333333333334,5.0,0
A,A,390.0,450.0,420.0,0.27408394231220223,-6.622638983545667,51.25256529646542,0.5,0.5366666666666666,6.0,1
A,A,420.0,480.0,450.0,0.27972127529612406,-6.237804715406377,54.68084604794466,0.24,0.5433333333333333,6.0,1
A,A,450.0,510.0,480.0,0.28158765712042844,-6.363412945873231,55.34475558224678,0.31,0.6433333333333333,6.0,1
A,A,480.0,540.0,510.0,0.28226128949187285,-1.988412047431567,37.5375784286695,0.47,0.4633333333333333,6.0,1
A,A,510.0,570.0,540.0,0.28165767712136625,-0.5755787841885992,34.53702828016897,0.38,0.34,6.0,1
A,A,540.0,600.0,570.0,0.2802874564980804,-2.8872189843829954,48.073661630465125,0.58,0.47333333333333333,6.0,1
A,D,0.0,60.0,30.0,0.26643858156854316,4.611274121255479,-12.982766665116385,0.81,0.38666666666666666,6.0,1
A,D,30.0,90.0,60.0,0.25914349786758356,4.435795622876025,-22.609994558735348,0.7,0.4533333333333333,7.0,1
A,D,60.0,120.0,90.0,0.25463509749628543,3.6854323547101187,-17.96388582446182,0.75,0.49333333333333335,7.0,1
A,D,210.0,270.0,240.0,0.2576905750452685,3.359836130503997,-2.7225054455420477,0.93,0.87,8.0,1
A,D,240.0,300.0,270.0,0.26651435712385857,2.6622536568265205,-11.22973218165674,0.72,0.75,8.0,1
A,D,510.0,570.0,540.0,0.2638649401398511,4.272634588774684,8.5542015482469,0.63,0.6833333333333333,8.0,1
A,D,540.0,600.0,570.0,0.2710520137030121,4.877070811560211,14.09253549399811,0.58,0.49333333333333335,8.0,1
C,A,0.0,60.0,30.0,0.2293834519022789,-8.049722249737858,-56.134742389660786,0.1,0.5833333333333334,4.0,0
C,A,150.0,210.0,180.0,0.23788126804457904,-7.644388108709152,-41.396984435354355,0.12,0.7133333333333334,3.0,0
C,A,180.0,240.0,210.0,0.24001546627416576,-8.064741332618118,-45.578714121786184,0.11,0.71,3.0,0
C,A,210.0,270.0,240.0,0.23524291097058972,-7.754902403395344,-57.897341263681206,0.0,0.4766666666666667,5.0,0
C,A,270.0,330.0,300.0,0.24259416745228618,-8.2755246318828,-59.608221232640766,0.0,0.7666666666666667,5.0,0
C,A,300.0,360.0,330.0,0.23829631111548136,-8.385004445670084,-58.93518680233971,0.0,0.94,5.0,0
C,A,330.0,390.0,360.0,0.21590540791814966,2.641825460719211,-56.79659921241271,0.97,0.5433333333333333,5.0,0
C,A,360.0,420.0,390.0,0.22131853275839036,7.93788020984057,-55.262270637950884,0.67,0.8566666666666667,5.0,0
C,A,390.0,450.0,420.0,0.23905943146836028,-0.2632459769128628,-33.12826202872022,0.26,0.7333333333333333,6.0,1
C,A,420.0,480.0,450.0,0.23584919859771278,2.6550550236442194,-7.439708612184157,0.7,0.7433333333333333,6.0,1
C,A,450.0,510.0,480.0,0.2267846430715434,12.988060869834515,-14.442394324512247,0.92,0.24333333333333335,5.0,0
C,A,480.0,540.0,510.0,0.228169933169537,14.316532197764309,5.681032246103987,0.5,0.9566666666666667,5.0,0
C,A,510.0,570.0,540.0,0.23687434936939322,8.06580722901333,6.5628614137800145,0.69,0.8,5.0,0
C,A,540.0,600.0,570.0,0.24007824739045264,-2.770995581768661,-40.11950831746469,0.28,0.37333333333333335,5.0,0
D,A,0.0,60.0,30.0,0.2894981021301579,-15.81705199860674,3.8177748064235866,0.74,0.92,3.0,0
D,A,30.0,90.0,60.0,0.2952732409650264,-16.44882332107765,29.51853847052149,0.74,0.81,3.0,0
D,A,60.0,120.0,90.0,0.2988028751914451,-16.955511957342473,29.62208626960302,0.75,0.6166666666666667,3.0,0
D,A,90.0,150.0,120.0,0.2916189728003485,-14.854798914663935,20.26466755152222,0.69,0.9766666666666667,4.0,0
D,A,120.0,180.0,150.0,0.29041520690300293,-13.340605705603641,38.68145451893347,0.38,0.82,4.0,0
D,A,210.0,270.0,240.0,0.29026485130963675,-14.016259400051489,1.661547677418785,0.77,0.74,4.0,0
D,A,240.0,300.0,270.0,0.285818779087864,-15.346410038211616,-27.122682145674748,0.43,0.7333333333333333,4.0,0
D,A,270.0,330.0,300.0,0.28968016499165766,-18.925982470193254,-45.68565250702229,0.44,0.8833333333333333,6.0,1
D,A,300.0,360.0,330.0,0.2900435232042476,-19.597105020292606,-51.856802318135244,0.67,0.8933333333333333,6.0,1
D,A,330.0,390.0,360.0,0.28518230643305464,-18.567508663593177,-39.4169533737321,0.37,0.79,7.0,1
D,A,360.0,420.0,390.0,0.2861658882078752,-17.837281557065523,-47.70230100546446,0.41,0.85,7.0,1
D,A,390.0,450.0,420.0,0.2866074070343794,-18.93625717943065,-58.16561324593407,0.46,0.8766666666666667,4.0,0
D,A,420.0,480.0,450.0,0.2884760573215378,-18.701384039882715,-39.86024631730707,0.48,0.86,4.0,0
D,A,450.0,510.0,480.0,0.2840320239334082,-15.955923195758213,-6.9388942988002755,0.55,0.5066666666666667,5.0,0
D,A,480.0,540.0,510.0,0.28237351891811835,-16.26997243305649,-27.09376972231273,0.59,0.9566666666666667,5.0,0
D,A,510.0,570.0,540.0,0.28436258993667707,-17.210535197695297,-47.40757612470347,0.3,0.92,6.0,1
D,A,540.0,600.0,570.0,0.2804599542349733,-15.020326672077324,-4.552039761323996,0.56,0.7666666666666667,6.0,1
D,D,90.0,150.0,120.0,0.2723041260738,-8.92733160231964,62.496549781233306,0.43,0.7266666666666667,7.0,1
D,D,120.0,180.0,150.0,0.27689019907507806,-8.132890684688393,61.805551662761786,0.9,0.9033333333333333,7.0,1
D,D,150.0,210.0,180.0,0.2753645743277106,-8.076583600880552,36.833499542088724,0.31,0.7766666666666666,7.0,1
D,D,180.0,240.0,210.0,0.27058927828346463,-9.216933119778066,1.4278770013889892,0.57,0.8066666666666666,7.0,1
D,D,210.0,270.0,240.0,0.2646199122951431,-9.1275363894698,26.576364699392414,0.44,0.71,8.0,1
D,D,240.0,300.0,270.0,0.26985687546046716,-6.867860534843487,61.746883195132725,0.91,0.8666666666666667,8.0,1
D,D,270.0,330.0,300.0,0.2810428840366205,-5.175295375910954,61.35292716770107,0.83,0.8066666666666666,8.0,1
D,D,300.0,360.0,330.0,0.26631404284226956,-4.843133463996642,53.179349122959465,0.83,0.9166666666666666,8.0,1
D,D,330.0,390.0,360.0,0.25552190365735955,-7.211671540451394,53.81734724020415,0.13,0.6233333333333333,8.0,1
D,D,360.0,420.0,390.0,0.2600864282232796,-7.854473255804115,62.004809231479186,0.56,0.7933333333333333,8.0,1
D,D,390.0,450.0,420.0,0.2681372272680269,-5.82162362749944,53.03861358276363,0.45,0.95,9.0,1
D,D,420.0,480.0,450.0,0.21477669698092935,-0.8066634048786654,42.141343737747974,0.42,0.9333333333333333,9.0,1
D,D,450.0,510.0,480.0,0.20759574679323484,-0.7853620573259311,50.581400542541815,0.54,0.8733333333333333,9.0,1
D,D,480.0,540.0,510.0,0.2750276974791453,-4.8645292671373594,61.77300173017481,0.83,0.73,9.0,1
D,D,510.0,570.0,540.0,0.27366577024845656,-4.638493655135124,61.644857161930624,0.48,0.94,9.0,1
D,D,540.0,600.0,570.0,0.2676537247753142,-4.542484880559381,59.63503947367186,0.45,0.89,9.0,1
E,D,0.0,60.0,30.0,0.27624147471105204,-5.728235902842134,55.71662963661542,0.14,0.61,6.0,1
E,D,30.0,90.0,60.0,0.27240752652185507,-5.516359188358089,49.887003980126636,0.65,0.5433333333333333,6.0,1
E,D,60.0,120.0,90.0,0.2700278984748435,-4.680147012975495,47.72471356948778,0.66,0.5733333333333334,6.0,1
E,D,90.0,150.0,120.0,0.2629996320523806,-4.490756345165266,53.306401142738444,0.92,0.7433333333333333,7.0,1
E,D,120.0,180.0,150.0,0.2518555290956351,-6.592657633462112,29.900903053124196,0.09,0.5866666666666667,7.0,1
E,D,150.0,210.0,180.0,0.2520397075194283,-7.698475462368549,30.181456845314596,0.11,0.7033333333333334,7.0,1
E,D,180.0,240.0,210.0,0.24271430608034592,-6.0756696120981735,51.61077995832214,0.03,0.9,7.0,1
E,D,210.0,270.0,240.0,0.23397902711027546,-5.42729922786416,53.5026121434565,0.09,0.8133333333333334,7.0,1
E,D,330.0,390.0,360.0,0.23709691809002506,-6.820000192897711,11.390250279704912,0.05,0.7633333333333333,8.0,1
E,D,360.0,420.0,390.0,0.23073657266274403,-8.376380656765654,-18.04442613498474,0.08,0.9,8.0,1
E,D,420.0,480.0,450.0,0.2502347476238284,-5.139298280193091,29.745146724985883,0.18,0.62,8.0,1
E,D,450.0,510.0,480.0,0.2710168575105695,-8.488752133132794,8.10735636420598,0.58,0.7666666666666667,9.0,1
E,D,480.0,540.0,510.0,0.28686787028631233,-9.716818135998327,-17.283895003738124,0.51,0.7133333333333334,9.0,1
F,A,60.0,120.0,90.0,0.2723760598708761,-0.1084735765080396,2.1910090312815504,0.55,0.44,1.0,0
G,A,450.0,510.0,480.0,0.24733303149381977,5.200793674497715,-18.62151112707684,0.68,0.8266666666666667,5.0,0
G,A,480.0,540.0,510.0,0.24614813858918463,5.399433454870315,-20.014045612101196,0.41,0.6333333333333333,5.0,0
G,D,120.0,180.0,150.0,0.2336022564115425,2.3897815992971467,-30.44561416492796,0.41,0.3566666666666667,6.5,1
G,D,150.0,210.0,180.0,0.23962568113121352,2.7758879507100596,-30.809688388257104,0.66,0.3433333333333333,7.0,1
G,D,180.0,240.0,210.0,0.2373472841302011,4.650096235027893,-12.397345185856445,0.53,0.4266666666666667,7.0,1
G,D,210.0,270.0,240.0,0.24461010090886115,4.840899538234423,-18.565407869857754,0.61,0.42333333333333334,7.0,1
G,D,240.0,300.0,270.0,0.24995956011984924,3.8911598676484562,-24.66976729316844,0.66,0.23333333333333334,7.0,1
G,D,270.0,330.0,300.0,0.2576305700922306,4.150008489345726,-13.05667246979034,0.75,0.31333333333333335,6.0,1
G,D,300.0,360.0,330.0,0.2587333568312999,3.264813105271891,-17.28999688120824,0.74,0.25,6.0,1
G,D,330.0,390.0,360.0,0.260013091962461,1.0278900953729715,-27.537107894743883,0.42,0.3466666666666667,6.0,1
H,A,0.0,60.0,30.0,0.29175768590674883,9.087713635114694,20.97328288452986,0.37,0.5833333333333334,2.0,0
H,A,30.0,90.0,60.0,0.29252836078045213,7.88150757919964,25.40322083845378,0.22,0.5033333333333333,2.0,0
H,A,60.0,120.0,90.0,0.2845416176733873,8.256122108634392,63.17041815710468,0.63,0.22333333333333333,2.0,0
H,A,90.0,150.0,120.0,0.2923943530809258,10.23197107316272,58.02931788226656,0.22,0.84,2.0,0
H,A,120.0,180.0,150.0,0.29287886986896994,9.90060707766882,57.78455400879363,0.2,0.77,2.0,0
H,A,150.0,210.0,180.0,0.29377732466244394,8.876158893205552,57.979485808459614,0.38,0.6633333333333333,3.0,0
H,A,180.0,240.0,210.0,0.2871592426225785,7.386337190091004,53.76083963561937,0.35,0.52,3.0,0
H,A,270.0,330.0,300.0,0.291479126882078,8.870333977601934,60.543829621926804,0.41,0.5733333333333334,4.0,0
H,A,300.0,360.0,330.0,0.29355565119291793,8.558898423691383,65.33955774161721,0.76,0.6366666666666667,4.0,0
H,A,360.0,420.0,390.0,0.27628504324243347,9.31179453876331,62.16391750822245,0.6,0.7366666666666667,4.0,0
H,A,390.0,450.0,420.0,0.2850778075503169,8.466960187179431,62.516791919947586,0.72,0.37,4.0,0
H,A,420.0,480.0,450.0,0.2727135789462848,8.477143953047609,58.54380872554363,0.69,0.46,4.0,0
H,A,480.0,540.0,510.0,0.2931981206033233,9.2147372591402,52.96120188722042,0.33,0.6466666666666666,4.0,0
H,D,0.0,60.0,30.0,0.25176627322985884,6.081027787042432,-28.005350513496218,0.61,0.4,6.0,1
H,D,30.0,90.0,60.0,0.2519782916301284,2.8720582997491184,-19.144638047838637,0.71,0.4033333333333333,6.0,1
H,D,60.0,120.0,90.0,0.24183923044165268,3.129979411102941,-43.28806070940849,0.56,0.30666666666666664,6.0,1
H,D,90.0,150.0,120.0,0.2359987919546017,2.9000106364027385,-42.75347970856512,0.68,0.35333333333333333,7.0,1
H,D,120.0,180.0,150.0,0.23763958512900693,2.8459108844748027,-40.17796830131771,0.65,0.57,7.0,1
H,D,150.0,210.0,180.0,0.2429300596628626,2.1434219837831434,-37.309491844589566,0.54,0.4266666666666667,7.0,1
H,D,180.0,240.0,210.0,0.24904549224006417,1.1334618640405738,-40.69564726920486,0.35,0.38666666666666666,7.0,1
H,D,210.0,270.0,240.0,0.2570237889352296,2.5812185815719557,-49.88376599887155,0.64,0.16,7.0,1
H,D,240.0,300.0,270.0,0.25808415663922907,1.3630360748735761,-37.80271300713467,0.72,0.3233333333333333,7.0,1
H,D,270.0,330.0,300.0,0.2460820536353767,3.0408633956412277,-27.997694075315064,0.68,0.5366666666666666,7.0,1
H,D,300.0,360.0,330.0,0.2424321816641814,6.7487561928193704,-9.041855831621493,0.68,0.43,7.0,1
H,D,330.0,390.0,360.0,0.25208594557141534,8.078704643999915,15.639548255598276,0.44,0.28,8.0,1
H,D,360.0,420.0,390.0,0.2557606377470386,8.655049221729069,6.225234501704404,0.47,0.31333333333333335,8.0,1
H,D,390.0,450.0,420.0,0.25474221368285255,6.891376167848675,-12.668270125000962,0.54,0.43666666666666665,8.0,1
H,D,420.0,480.0,450.0,0.24486368757467764,6.203582345723396,-25.790581786847287,0.56,0.7,8.0,1
H,D,450.0,510.0,480.0,0.24516828617071415,8.349038294260284,-50.610639379558485,0.72,0.21333333333333335,9.0,1
H,D,480.0,540.0,510.0,0.2580835946664924,8.730659729577528,-54.55084186004122,0.73,0.3,9.0,1
H,D,510.0,570.0,540.0,0.23486945886546495,7.394409313121668,0.32950120136196215,0.37,0.4533333333333333,9.0,1
H,D,540.0,600.0,570.0,0.2288881649684496,0.16215464922414094,40.88555853311898,0.54,0.4166666666666667,9.0,1
J,D,0.0,60.0,30.0,0.27985842289938634,-8.052004361324745,-45.69064455714728,0.25,0.4666666666666667,7.0,1
J,D,30.0,90.0,60.0,0.27972002085795744,-6.644475364026145,-47.036604495200365,0.39,0.5366666666666666,7.0,1
J,D,60.0,120.0,90.0,0.26255718128534905,-10.090079450555548,-60.25038856597988,0.03,0.3933333333333333,7.0,1
J,D,90.0,150.0,120.0,0.2711678370634484,-13.383052182184072,-55.03813974477496,0.08,0.3566666666666667,8.0,1
J,D,120.0,180.0,150.0,0.27956820469912685,-16.220001074774277,-54.08633350355373,0.23,0.25666666666666665,8.0,1
J,D,150.0,210.0,180.0,0.262456911081153,-5.770737932803843,-55.971555723795476,0.03,0.2,8.0,1
J,D,180.0,240.0,210.0,0.2655397129860651,-6.754612629955079,-53.890128753380345,0.04,0.43333333333333335,8.0,1
J,D,210.0,270.0,240.0,0.27250947746791715,-19.94833948242562,-62.79397051718413,0.4,0.38,8.0,1
J,D,240.0,300.0,270.0,0.2804686573984872,-23.054101934292678,-67.89525742141525,0.47,0.2866666666666667,8.0,1
J,D,270.0,330.0,300.0,0.26197235798990093,-14.187166063800074,-50.07579526943726,0.13,0.4033333333333333,8.0,1
J,D,300.0,360.0,330.0,0.27323034483830394,-9.857412617282247,-14.022362447834443,0.1,0.36666666666666664,8.0,1
J,D,450.0,510.0,480.0,0.27791665294021173,-11.197410382663394,-57.05519221191148,0.15,0.64,8.0,1
J,D,480.0,540.0,510.0,0.28202887857478837,-7.303722178331389,-57.54453174360952,0.07,0.46,8.0,1
J,D,510.0,570.0,540.0,0.2894365334715616,-8.021959334253008,-65.37814912906448,0.12,0.41,9.0,1
J,D,540.0,600.0,570.0,0.28840567358728697,-5.427801361401658,-47.26620567487643,0.54,0.31666666666666665,9.0,1
K,A,0.0,60.0,30.0,0.2741063722371437,3.497582760541447,30.397924237037582,0.54,0.37666666666666665,3.0,0
K,A,30.0,90.0,60.0,0.27030540350411775,3.2788244662316495,27.094397057829834,0.56,0.24666666666666667,4.0,0
K,A,60.0,120.0,90.0,0.2479143816277378,5.532234921388375,54.4134539843409,0.34,0.32666666666666666,4.0,0
K,A,90.0,150.0,120.0,0.24249248348087807,5.326085441519879,59.99819995235717,0.81,0.38333333333333336,5.0,0
K,A,300.0,360.0,330.0,0.23753674673143085,4.73719907285097,1.3360458484761442,0.6,0.30666666666666664,5.0,0
K,A,330.0,390.0,360.0,0.22856536862383886,3.931801876172126,13.414944747342977,0.53,0.22666666666666666,6.0,1
K,A,360.0,420.0,390.0,0.22222219364916054,2.1557324279042778,15.263647155146852,0.24,0.3466666666666667,6.0,1
K,D,60.0,120.0,90.0,0.24852693979796847,16.216603994366732,66.20673061774148,0.52,0.27666666666666667,6.0,1
K,D,90.0,150.0,120.0,0.22719072604844548,16.00935131824635,65.0675894093092,0.58,0.3466666666666667,7.0,1
K,D,300.0,360.0,330.0,0.24100952922390642,18.47182554058692,62.03486126028478,0.64,0.4533333333333333,7.0,1
K,D,450.0,510.0,480.0,0.23782136945702007,17.12317005417596,66.32840774982199,0.63,0.31666666666666665,8.0,1
K,D,480.0,540.0,510.0,0.2259661697149072,17.553512902544973,64.32494357925819,0.69,0.36,8.0,1
K,D,510.0,570.0,540.0,0.2177268232538033,10.706660449653185,44.80581365746509,0.82,0.32666666666666666,8.0,1
K,D,540.0,600.0,570.0,0.21902530300496176,0.15402510077012088,12.646855383189346,0.57,0.27666666666666667,8.0,1
L,A,60.0,120.0,90.0,0.26409388099373476,-13.771078373670742,-67.29628737845103,0.23,0.4,5.0,0
L,A,90.0,150.0,120.0,0.2744320060557465,-13.366302542017092,-67.00804037426205,0.15,0.36333333333333334,4.0,0
L,A,270.0,330.0,300.0,0.27414069110420924,-11.740135912497191,-55.624407055462726,0.1,0.47333333333333333,6.0,1
N,D,0.0,60.0,30.0,0.217313272306374,-5.132340168715158,38.172632233181,0.33,0.4166666666666667,8.0,1
N,D,30.0,90.0,60.0,0.21904249080462893,-7.148551781690034,36.117731599841846,0.17,0.17,7.0,1
N,D,60.0,120.0,90.0,0.22605349300642527,-10.243545894961821,52.74330564889229,0.45,0.17333333333333334,7.0,1
N,D,90.0,150.0,120.0,0.2295081159307891,-4.0450165210753015,36.442790225528725,0.16,0.39666666666666667,7.0,1
N,D,120.0,180.0,150.0,0.22083613807360156,-0.24062090594599617,25.435713598105682,0.41,0.5333333333333333,7.0,1
N,D,150.0,210.0,180.0,0.21686893228507614,-0.03390006021293575,24.31695402549123,0.57,0.7133333333333334,7.0,1
N,D,240.0,300.0,270.0,0.21681494858385067,-9.541701474534543,54.25965093439232,0.33,0.44666666666666666,7.0,1
N,D,270.0,330.0,300.0,0.214408379299061,-7.675309387020129,46.197341662491816,0.29,0.4166666666666667,7.0,1
N,D,300.0,360.0,330.0,0.21406823953182144,-7.622622670484749,46.52133580677798,0.34,0.20666666666666667,7.0,1
N,D,330.0,390.0,360.0,0.2146412931386381,-7.435368899284571,47.129662673813144,0.32,0.17333333333333334,7.0,1
N,D,360.0,420.0,390.0,0.21890016535709475,-9.57392095462661,53.49311828840098,0.39,0.30333333333333334,7.0,1
N,D,390.0,450.0,420.0,0.2186414787272479,-10.599849643064603,54.539518958867184,0.28,0.20333333333333334,7.0,1
N,D,420.0,480.0,450.0,0.21576811223017495,-6.146182933719555,42.505310144389995,0.58,0.24333333333333335,7.0,1
N,D,450.0,510.0,480.0,0.21540230369735447,-6.698719614539308,46.52454386091183,0.55,0.5033333333333333,8.0,1
N,D,480.0,540.0,510.0,0.21394672213513424,-9.609781741208089,58.17183396438485,0.46,0.6466666666666666,8.0,1
N,D,510.0,570.0,540.0,0.21194645364946998,-4.297234752409998,32.696707128859025,0.56,0.5133333333333333,8.0,1
N,D,540.0,600.0,570.0,0.21922460522906953,0.8220110170138591,3.905876571414365,0.43,0.7066666666666667,8.0,1
O,A,0.0,60.0,30.0,0.28692665371656506,-0.4616745177629472,59.508749873486956,0.18,0.3233333333333333,1.0,0
O,A,210.0,270.0,240.0,0.27996908196069126,-0.5422134532040896,63.97558434722605,0.23,0.51,3.0,0
O,A,240.0,300.0,270.0,0.27622172395548544,-0.22470771195599984,63.818665022175374,0.15,0.29,3.0,0
O,A,390.0,450.0,420.0,0.28481190741299334,-2.163732181201523,65.22766698945344,0.8,0.3566666666666667,4.0,0
O,A,420.0,480.0,450.0,0.28133712271223826,-1.9694269479173896,63.91292062711329,0.2,0.48333333333333334,4.0,0
O,A,450.0,510.0,480.0,0.2816437351765558,-1.9544636980116639,63.811952918836255,0.15,0.30666666666666664,4.0,0
O,A,480.0,540.0,510.0,0.2874827011419467,-2.223985773573808,64.99865393088062,0.55,0.38666666666666666,4.0,0
O,A,510.0,570.0,540.0,0.2866290653116336,-2.2649995472653854,64.96658136552821,0.74,0.4,4.0,0
O,A,540.0,600.0,570.0,0.28447106736567035,-1.9923475204883117,64.90225904053915,0.75,0.36666666666666664,4.0,0
O,D,0.0,60.0,30.0,0.2627616955464831,7.943378500419407,55.74683660601238,0.25,0.45,6.0,1
O,D,240.0,300.0,270.0,0.2619019408725455,4.491506824323147,64.45468786941565,0.73,0.49666666666666665,7.0,1
O,D,270.0,330.0,300.0,0.23942961912197075,0.9951698356176097,27.9125108751573,0.36,0.36333333333333334,7.0,1
O,D,300.0,360.0,330.0,0.23951010049124213,2.4165971037410316,20.846427041644333,0.86,0.31333333333333335,7.0,1
O,D,330.0,390.0,360.0,0.273852764154281,9.61006162116444,56.895969681960125,0.42,0.35333333333333333,7.0,1
O,D,360.0,420.0,390.0,0.2773031824832372,11.775510404303494,62.520480909461895,0.29,0.2633333333333333,7.0,1
O,D,390.0,450.0,420.0,0.27212304670316645,12.188482738992088,62.24247720169377,0.31,0.2833333333333333,8.0,1
O,D,420.0,480.0,450.0,0.2640151570223141,12.480683339653257,61.89184937670214,0.37,0.58,8.0,1
O,D,450.0,510.0,480.0,0.27438614105051085,12.548935547857614,61.83636044599019,0.3,0.24666666666666667,7.0,1
O,D,480.0,540.0,510.0,0.28296302510404975,12.12224026085062,61.82525784291697,0.23,0.3933333333333333,7.0,1
O,D,510.0,570.0,540.0,0.28033252025152416,13.705415127612325,61.21207439365495,0.24,0.36,6.0,1
O,D,540.0,600.0,570.0,0.2852664820203124,13.82538257009762,61.02256112898212,0.13,0.3233333333333333,6.0,1
P,D,0.0,60.0,30.0,0.2860679816479353,-8.895917192232053,-59.4508810547802,0.17,0.2,7.0,1
P,D,30.0,90.0,60.0,0.3163787801245841,-12.133855569624753,-65.03627003868031,0.13,0.21,7.0,1
P,D,60.0,120.0,90.0,0.30543708867356645,-11.680435209400486,-60.3680885754629,0.32,0.30666666666666664,7.0,1
P,D,90.0,150.0,120.0,0.3018547335016765,-9.66892718164848,-57.74410745335383,0.21,0.3233333333333333,7.5,1
P,D,120.0,180.0,150.0,0.3003717887748374,-8.516710121091966,-59.275116214646566,0.2,0.2866666666666667,7.5,1
P,D,210.0,270.0,240.0,0.29288405431888537,-13.160679711344331,-61.815255635944396,0.24,0.41,8.0,1
P,D,240.0,300.0,270.0,0.2806127985875236,-9.259687931093199,-60.549296061943124,0.1,0.26,8.0,1
P,D,270.0,330.0,300.0,0.26421131742800413,-2.9465037915713164,-57.208455838962756,0.0,0.28,8.0,1
P,D,300.0,360.0,330.0,0.2765528918053453,-6.839041844517514,-52.42309785063024,0.23,0.38333333333333336,8.0,1
P,D,330.0,390.0,360.0,0.2980165672408673,-13.794955734392563,-54.44667803443147,0.47,0.37333333333333335,9.0,1
P,D,360.0,420.0,390.0,0.29959147850869894,-8.554867914805536,-49.99438347780503,0.46,0.34,9.0,1
P,D,390.0,450.0,420.0,0.2967097984448698,-2.4070304680640047,-32.56112718638755,0.43,0.33,9.0,1
P,D,420.0,480.0,450.0,0.3092463785174351,-0.592920355659094,-24.57289678741804,0.51,0.20333333333333334,9.0,1
P,D,450.0,510.0,480.0,0.3039996970902759,-1.6977107035257393,-31.290444721658048,0.55,0.27666666666666667,8.0,1
P,D,480.0,540.0,510.0,0.2858996923001335,-10.238219354905715,-52.688765383445386,0.47,0.29,8.0,1
P,D,510.0,570.0,540.0,0.2793332524574302,-12.064339310184314,-49.50927100712179,0.24,0.35333333333333333,8.0,1
P,D,540.0,600.0,570.0,0.28920174799354725,-3.5930643246959,-10.255276153955606,0.64,0.25666666666666665,8.0,1
Q,A,0.0,60.0,30.0,0.27032663303537424,-10.197439312978295,68.11185313307679,0.12,0.5266666666666666,1.0,0
Q,A,60.0,120.0,90.0,0.25980528819664206,-12.419335673777136,68.3480854045758,0.54,0.43333333333333335,1.0,0
Q,A,180.0,240.0,210.0,0.2690093713032301,-10.028427593344942,68.01365415034817,0.28,0.35333333333333333,2.0,0
Q,A,210.0,270.0,240.0,0.26724577486831913,-10.976360775734085,66.04822327848983,0.73,0.4866666666666667,3.0,0
Q,A,270.0,330.0,300.0,0.2574666247068409,-10.188421312116274,65.87900364329548,0.84,0.39666666666666667,3.0,0
Q,A,300.0,360.0,330.0,0.25270424141427056,-10.719371612416676,66.11467560056484,0.76,0.49333333333333335,3.0,0
Q,A,330.0,390.0,360.0,0.254483175678693,-11.703991096127073,62.789328923058335,0.44,0.5133333333333333,3.0,0
Q,A,360.0,420.0,390.0,0.25629770228468424,-11.455814358222005,60.27471000265057,0.6,0.5033333333333333,3.0,0
Q,A,390.0,450.0,420.0,0.25872948239337784,-11.44123975016534,65.83149088317917,0.91,0.48333333333333334,3.0,0
Q,A,420.0,480.0,450.0,0.2600908122919206,-10.145368905189981,67.81423857938276,0.41,0.4666666666666667,3.0,0
Q,A,450.0,510.0,480.0,0.26110224565447404,-10.348794585814236,68.12113023702962,0.52,0.48,3.0,0
Q,A,480.0,540.0,510.0,0.25796130623488633,-11.159192995603721,67.23055897002376,0.63,0.43,3.0,0
Q,A,510.0,570.0,540.0,0.25407997553386497,-11.83431007831407,67.05201978186106,0.62,0.42,3.0,0
Q,A,540.0,600.0,570.0,0.2511589435989315,-11.588815074177326,66.7044374634762,0.79,0.15333333333333332,3.0,0
Q,D,60.0,120.0,90.0,0.24815596441805235,-13.225000448505563,54.012511564358086,0.21,0.6433333333333333,6.0,1
Q,D,90.0,150.0,120.0,0.24633831756612817,-17.67215741225487,63.359760216350175,0.44,0.55,6.0,1
Q,D,120.0,180.0,150.0,0.20852097553672155,-6.768544515049158,23.142439897141124,0.14,0.5366666666666666,6.0,1
Q,D,210.0,270.0,240.0,0.16077940638914537,17.938951612431165,-65.15222317738318,0.97,0.28,7.0,1
R,A,0.0,60.0,30.0,0.2585052159306757,1.2746020857951899,-41.86389897589125,0.61,0.26666666666666666,2.0,0
R,A,30.0,90.0,60.0,0.26049338149859863,1.3479818415362932,-42.85788798531196,0.71,0.26,1.0,0
R,A,120.0,180.0,150.0,0.24794005679311198,2.8859961528260856,-23.161178645554887,0.66,0.2866666666666667,1.0,0
R,A,150.0,210.0,180.0,0.26905208104247025,2.407630792722849,-31.780429956731773,0.63,0.21333333333333335,1.0,0
R,A,180.0,240.0,210.0,0.26173902671364613,0.6322439952187805,-46.94398178255713,0.37,0.24,1.0,0
R,A,270.0,330.0,300.0,0.2355017207085068,2.4001632979719787,-5.276627152858281,0.63,0.24333333333333335,2.0,0
R,A,300.0,360.0,330.0,0.22628828601157083,4.232616150068226,-11.042030249354683,0.7,0.45,2.0,0
R,A,330.0,390.0,360.0,0.21579074392953046,1.4848707046327396,-28.724805005870177,0.3,0.39666666666666667,2.0,0
R,A,360.0,420.0,390.0,0.21598143824456342,0.41260977666872006,-33.72214894118988,0.34,0.3,2.0,0
R,A,390.0,450.0,420.0,0.2381101000787794,1.3173675234631583,-39.761115010303506,0.32,0.4,3.0,0
R,A,450.0,510.0,480.0,0.21465812348711397,0.3789416548127685,-49.65440952309671,0.16,0.31,4.0,0
R,A,480.0,540.0,510.0,0.21212948912313961,-0.6608105320107545,-54.523266995532396,0.59,0.22,4.0,0
R,A,510.0,570.0,540.0,0.23260311346001944,-1.7056454067623883,-42.96620129891965,0.35,0.35333333333333333,4.0,0
R,A,540.0,600.0,570.0,0.24836414241903518,-0.23076057948908998,-28.62796086123124,0.2,0.38,4.0,0
R,D,60.0,120.0,90.0,0.25504444054027975,1.192458290976997,-28.231859015992047,0.45,0.37666666666666665,7.0,1
R,D,180.0,240.0,210.0,0.26545780042499306,1.5924431256607081,-25.992137751614234,0.75,0.5533333333333333,7.5,1
R,D,210.0,270.0,240.0,0.264235635059719,-0.920590747742668,-35.64829922561752,0.37,0.4,8.0,1
R,D,240.0,300.0,270.0,0.2582392909499764,-3.4462183952338,-48.63545447106921,0.52,0.47333333333333333,8.0,1
R,D,270.0,330.0,300.0,0.2626490463162493,-0.7527895417754945,-23.302292903373665,0.32,0.46,8.0,1
R,D,300.0,360.0,330.0,0.2640595487867309,-0.6361256827607509,-24.16973434133222,0.36,0.5,8.0,1
R,D,330.0,390.0,360.0,0.23837385188699178,-2.929118986335305,-54.93263934846086,0.03,0.6633333333333333,8.0,1
R,D,360.0,420.0,390.0,0.22806340500465966,-4.18533606526795,-54.25490394038336,0.25,0.61,8.0,1
R,D,390.0,450.0,420.0,0.24468752848131484,-3.989069168015334,-47.012230623142386,0.47,0.4766666666666667,9.0,1
R,D,420.0,480.0,450.0,0.26104874116034804,-0.9939364126295369,-25.21440433299238,0.29,0.26666666666666666,9.0,1
R,D,450.0,510.0,480.0,0.26374794838189275,0.9475165012688905,-13.102021342464061,0.49,0.73,9.0,1
R,D,480.0,540.0,510.0,0.24852562130702252,1.194731694737846,-24.965589755108915,0.42,0.5233333333333333,9.0,1
R,D,510.0,570.0,540.0,0.2490312307702904,-1.9990973495781212,-25.949451745471986,0.38,0.54,9.0,1
R,D,540.0,600.0,570.0,0.25364746031189866,-2.8709235764395142,-27.819062820953175,0.47,0.4866666666666667,9.0,1
S,A,180.0,240.0,210.0,0.2573150512157734,1.847838870442876,64.43395359152298,0.6,0.6133333333333333,2.0,0
S,A,240.0,300.0,270.0,0.2774054193078964,0.9847437079747678,57.36085888429493,0.07,0.7,2.0,0
S,A,270.0,330.0,300.0,0.2721371491809824,0.6657905898937162,63.927341420920975,0.23,0.6333333333333333,2.0,0
S,A,300.0,360.0,330.0,0.2770180110504886,0.266626177850181,63.008865532720755,0.02,0.62,2.0,0
S,A,330.0,390.0,360.0,0.2737738882988772,0.265659154641012,56.54974925845199,0.4,0.7266666666666667,2.0,0
S,A,360.0,420.0,390.0,0.27030610923038834,0.34346389660361765,51.10411024161117,0.45,0.39666666666666667,2.0,0
S,A,390.0,450.0,420.0,0.28524841641692333,1.4440743783553638,36.51850871274124,0.3,0.16666666666666666,3.0,0
S,A,420.0,480.0,450.0,0.2951570757590799,2.351849670971842,23.32175502793264,0.2,0.35333333333333333,3.0,0
S,A,450.0,510.0,480.0,0.2842291107149921,1.7559904426425912,19.51544495392854,0.49,0.38666666666666666,3.0,0
S,A,480.0,540.0,510.0,0.28087371807447814,1.2955318896115606,24.62789797972338,0.35,0.5133333333333333,3.0,0
S,A,510.0,570.0,540.0,0.2811270669228264,1.0188357077489922,46.168185716151704,0.29,0.68,3.0,0
S,A,540.0,600.0,570.0,0.2837162876404606,0.9672351327028491,54.883025407816966,0.16,0.18666666666666668,3.0,0
S,D,30.0,90.0,60.0,0.29405536889704537,1.4963481644898238,62.11678023783006,0.05,0.5666666666666667,5.0,0
S,D,60.0,120.0,90.0,0.2973032891176874,3.0296565741881443,62.28456971346657,0.25,0.6366666666666667,5.0,0
S,D,90.0,150.0,120.0,0.3031629874543017,4.013666387173983,62.33305982585577,0.46,0.5866666666666667,6.0,1
S,D,120.0,180.0,150.0,0.32238821220656155,3.991669439365941,63.14170706770486,0.07,0.5366666666666666,6.0,1
S,D,150.0,210.0,180.0,0.3178671805964905,4.002646043540969,63.66752980390457,0.43,0.42,6.0,1
S,D,180.0,240.0,210.0,0.31111171684023464,4.510771977729322,63.19985573076087,0.34,0.49666666666666665,6.0,1
S,D,210.0,270.0,240.0,0.3174532800746883,5.187130858520005,62.8810637457834,0.29,0.4633333333333333,7.0,1
S,D,240.0,300.0,270.0,0.315314800520272,5.362369969711405,62.4120314083008,0.36,0.24,7.0,1
S,D,270.0,330.0,300.0,0.31004056828657617,2.6298835501230604,61.16438489817663,0.24,0.42,8.0,1
S,D,300.0,360.0,330.0,0.30336764107032205,0.7651877898700957,61.97730592236296,0.47,0.5466666666666666,8.0,1
S,D,330.0,390.0,360.0,0.31178500827145833,1.7128520961929357,52.41250231874797,0.26,0.44333333333333336,8.0,1
S,D,360.0,420.0,390.0,0.32032207317499034,2.5781876273478157,51.83306801363744,0.1,0.7,8.0,1
S,D,390.0,450.0,420.0,0.3157126760335235,3.6528772190526286,62.691908872645286,0.3,0.7933333333333333,8.0,1
S,D,420.0,480.0,450.0,0.31815949799561316,4.144826668558694,63.19308898620247,0.14,0.5433333333333333,8.0,1
S,D,450.0,510.0,480.0,0.31249831303904324,3.715168548988385,63.82220049175684,0.68,0.3933333333333333,9.0,1
S,D,480.0,540.0,510.0,0.3052240887112394,2.8684787218892445,61.05972848207129,0.59,0.5266666666666666,9.0,1
S,D,510.0,570.0,540.0,0.29624563316053126,2.2723007886682085,60.94558097790765,0.32,0.6733333333333333,9.0,1
S,D,540.0,600.0,570.0,0.2770830543971829,2.8079301477010516,64.27839686393236,0.61,0.42333333333333334,9.0,1
